{
	 "rootnode": {
		 "name": "testobj.obj"
		,"transformation": [
			 1
			,0
			,0
			,0
			,0
			,1
			,0
			,0
			,0
			,0
			,1
			,0
			,0
			,0
			,0
			,1
		]
		,"children": [
			{
				 "name": "Cube"
				,"transformation": [
					 1
					,0
					,0
					,0
					,0
					,1
					,0
					,0
					,0
					,0
					,1
					,0
					,0
					,0
					,0
					,1
				]
				,"meshes": [
					 0
				]
			}
		]
	}
	,"flags": 8
	,"meshes": [
		{
			 "name": ""
			,"materialindex": 1
			,"primitivetypes": 4
			,"vertices": [
				 -0.10855
				,2.71215
				,0.0309
				,-2.89266
				,0.811731
				,0.0309
				,-2.89266
				,0.811731
				,0.536767
				,-0.10855
				,0.811731
				,0.536767
				,0.546421
				,0.86661
				,3.58835
				,-0.10855
				,0.811731
				,0.536767
				,-2.89266
				,0.811731
				,0.536767
				,-2.89266
				,0.19676
				,0.536767
				,-2.89266
				,0.19676
				,0.0309
				,-2.89266
				,0.811731
				,0.0309
				,-2.89266
				,0.811731
				,-0.474967
				,-2.89266
				,0.19676
				,-0.474967
				,-0.10855
				,-0.418211
				,0.0309
				,2.67556
				,-0.418211
				,0.0309
				,2.67556
				,-0.418211
				,0.536767
				,-0.10855
				,-0.418211
				,0.536767
				,2.67556
				,0.19676
				,0.0309
				,2.67556
				,0.811731
				,0.0309
				,2.67556
				,0.811731
				,0.536767
				,2.67556
				,0.19676
				,0.536767
				,0.032067
				,-0.020755
				,-4.7366
				,-0.10855
				,0.811731
				,-0.474967
				,2.67556
				,0.811731
				,-0.474967
				,2.67556
				,0.19676
				,-0.474967
				,-0.10855
				,-0.418211
				,-0.474967
				,0.032067
				,-0.020755
				,-4.7366
				,2.67556
				,0.19676
				,-0.474967
				,2.67556
				,-0.418211
				,-0.474967
				,-2.89266
				,-0.418211
				,-0.474967
				,-2.89266
				,0.19676
				,-0.474967
				,0.032067
				,-0.020755
				,-4.7366
				,-0.10855
				,-0.418211
				,-0.474967
				,-2.89266
				,0.19676
				,-0.474967
				,-2.89266
				,0.811731
				,-0.474967
				,-0.10855
				,0.811731
				,-0.474967
				,0.032067
				,-0.020755
				,-4.7366
				,2.67556
				,-0.418211
				,0.0309
				,2.67556
				,-0.418211
				,0.536767
				,2.67556
				,-0.418211
				,-0.474967
				,2.67556
				,0.19676
				,-0.474967
				,2.67556
				,0.811731
				,-0.474967
				,-2.89266
				,-0.418211
				,0.0309
				,-2.89266
				,-0.418211
				,0.536767
				,-2.89266
				,-0.418211
				,-0.474967
				,-0.10855
				,-0.418211
				,-0.474967
				,2.67556
				,-0.418211
				,-0.474967
				,-2.89266
				,-0.418211
				,0.0309
				,-2.89266
				,-0.418211
				,-0.474967
				,-2.89266
				,-0.418211
				,0.536767
				,-2.89266
				,0.19676
				,0.536767
				,-2.89266
				,0.811731
				,0.536767
				,-0.10855
				,-0.418211
				,0.536767
				,0.546421
				,0.86661
				,3.58835
				,-2.89266
				,0.19676
				,0.536767
				,-2.89266
				,-0.418211
				,0.536767
				,2.67556
				,-0.418211
				,0.536767
				,2.67556
				,0.19676
				,0.536767
				,0.546421
				,0.86661
				,3.58835
				,-0.10855
				,-0.418211
				,0.536767
				,2.67556
				,0.19676
				,0.536767
				,2.67556
				,0.811731
				,0.536767
				,-0.10855
				,0.811731
				,0.536767
				,0.546421
				,0.86661
				,3.58835
				,2.67556
				,0.811731
				,0.0309
				,-0.10855
				,2.71215
				,0.0309
				,-0.10855
				,0.811731
				,0.536767
				,2.67556
				,0.811731
				,0.536767
				,2.67556
				,0.811731
				,-0.474967
				,-0.10855
				,0.811731
				,-0.474967
				,-0.10855
				,2.71215
				,0.0309
				,2.67556
				,0.811731
				,0.0309
				,-0.10855
				,0.811731
				,-0.474967
				,-2.89266
				,0.811731
				,-0.474967
				,-2.89266
				,0.811731
				,0.0309
				,-0.10855
				,2.71215
				,0.0309
			]
			,"normals": [
				 -0.1584
				,0.464
				,0.8716
				,-0.1584
				,0.464
				,0.8716
				,-0.1584
				,0.464
				,0.8716
				,-0.1584
				,0.464
				,0.8716
				,-0.2104
				,0.9525
				,0.22
				,-0.2104
				,0.9525
				,0.22
				,-0.2104
				,0.9525
				,0.22
				,-0.2104
				,0.9525
				,0.22
				,-1
				,0
				,0
				,-1
				,0
				,0
				,-1
				,0
				,0
				,-1
				,0
				,0
				,0
				,-1
				,0
				,0
				,-1
				,0
				,0
				,-1
				,0
				,0
				,-1
				,0
				,1
				,0
				,0
				,1
				,0
				,0
				,1
				,0
				,0
				,1
				,0
				,0
				,0.2052
				,0.9288
				,-0.3087
				,0.2052
				,0.9288
				,-0.3087
				,0.2052
				,0.9288
				,-0.3087
				,0.2052
				,0.9288
				,-0.3087
				,0.2104
				,-0.9527
				,-0.2194
				,0.2104
				,-0.9527
				,-0.2194
				,0.2104
				,-0.9527
				,-0.2194
				,0.2104
				,-0.9527
				,-0.2194
				,-0.2098
				,-0.9497
				,-0.2325
				,-0.2098
				,-0.9497
				,-0.2325
				,-0.2098
				,-0.9497
				,-0.2325
				,-0.2098
				,-0.9497
				,-0.2325
				,-0.2043
				,0.9248
				,-0.3209
				,-0.2043
				,0.9248
				,-0.3209
				,-0.2043
				,0.9248
				,-0.3209
				,-0.2043
				,0.9248
				,-0.3209
				,1
				,0
				,0
				,1
				,0
				,0
				,1
				,0
				,0
				,1
				,0
				,0
				,1
				,0
				,0
				,0
				,-1
				,0
				,0
				,-1
				,0
				,0
				,-1
				,0
				,0
				,-1
				,0
				,0
				,-1
				,0
				,-1
				,0
				,0
				,-1
				,0
				,0
				,-1
				,0
				,0
				,-1
				,0
				,0
				,-1
				,0
				,0
				,-0.1805
				,-0.8171
				,0.5475
				,-0.1805
				,-0.8171
				,0.5475
				,-0.1805
				,-0.8171
				,0.5475
				,-0.1805
				,-0.8171
				,0.5475
				,0.1881
				,-0.8514
				,0.4897
				,0.1881
				,-0.8514
				,0.4897
				,0.1881
				,-0.8514
				,0.4897
				,0.1881
				,-0.8514
				,0.4897
				,0.2138
				,0.9679
				,0.1318
				,0.2138
				,0.9679
				,0.1318
				,0.2138
				,0.9679
				,0.1318
				,0.2138
				,0.9679
				,0.1318
				,0.1584
				,0.464
				,0.8716
				,0.1584
				,0.464
				,0.8716
				,0.1584
				,0.464
				,0.8716
				,0.1584
				,0.464
				,0.8716
				,0.1584
				,0.464
				,-0.8716
				,0.1584
				,0.464
				,-0.8716
				,0.1584
				,0.464
				,-0.8716
				,0.1584
				,0.464
				,-0.8716
				,-0.1584
				,0.464
				,-0.8716
				,-0.1584
				,0.464
				,-0.8716
				,-0.1584
				,0.464
				,-0.8716
				,-0.1584
				,0.464
				,-0.8716
			]
			,